{
    "loss": 0.03246922045946121,
    "accuracy": 0.9901960492134094
}