{
    "loss": 17.53436851501465,
    "accuracy": 0.4313725531101227
}